lat,lng,c,p,d,col
50.45221,13.42579,Orlen,0.0,,black
50.02243,15.18422,Orlen,0.0,,black
49.87633,16.88537,Benzina,0.0,,black
50.10347,14.48504,Benzina,0.0,,black
50.64786,15.25504,ORLEN,0.0,,black
50.36061,16.14811,Orlen,0.0,,black
49.64539,13.50936,Orlen,0.0,,black
49.33824,17.3136,Benzina,0.0,,black
49.05027,14.42986,Benzina,0.0,,black
49.22759,14.72105,Orlen,0.0,,black
50.65457,13.80691,Orlen,39.5,před 7 dny,#999900
50.3196,12.51915,Benzina,39.2,před 5 dny,#009900
49.28772,16.22214,Benzina,0.0,,black
50.2959,16.16835,Orlen,37.5,před 4 dny,#009900
50.42612,14.24113,Orlen,0.0,,black
50.22122,15.8071,Orlen,40.9,před 8 dny,#999900
50.48339,15.5058,Orlen,0.0,,black
50.02131,14.40443,Orlen,0.0,,black
49.75307,15.01866,Orlen,0.0,,black
48.93523,13.7655,Orlen ,0.0,,black
50.05935,14.48446,Benzina,42.9,před 8 dny,#999900
50.12822,14.50517,Orlen,41.7,před 4 dny,#009900
50.0872,14.34984,ORLEN,41.9,Včera,#009900
50.10209,13.7396,Orlen,0.0,,black
49.84285,18.1499,ORLEN,39.5,Předevčírem,#009900
48.99256,14.46968,MOL,0.0,,black
49.78122,18.27047,Benzina,39.5,před 4 dny,#009900
50.12148,16.22026,Orlen ,0.0,,black
49.01208,14.788,Orlen,0.0,,black
49.87068,14.27048,Orlen,39.5,před 4 dny,#009900
49.55206,17.18382,Benzina,0.0,,black
49.7464,13.44157,Orlen,40.9,Předevčírem,#009900
49.8119,13.39253,Orlen ,0.0,,black
50.62701,13.82768,MOL,0.0,,black
49.30064,15.48245,Orlen,0.0,,black
50.12485,14.61457,Benzina,0.0,,black
48.8257,16.39897,Orlen,0.0,,black
48.96656,14.48797,Shell,0.0,,black
50.09691,14.47814,Benzina,0.0,,black
50.10009,14.44264,Benzina,0.0,,black
49.27237,13.83952,Orlen,0.0,,black
50.2032,15.84023,Orlen,40.9,před 5 dny,#009900
49.58001,18.3526,Benzina,0.0,,black
49.22132,16.5828,ORLEN,41.5,před 4 dny,#009900
49.53184,14.66487,Orlen,0.0,,black
48.98876,14.47836,Benzina,39.9,před 5 dny,#009900
49.13138,15.00283,Orlen,0.0,,black
50.96817,14.5635,Orlen,39.5,před 5 dny,#009900
49.82354,16.40505,Orlen,39.9,před 5 dny,#009900
48.83148,16.61338,Orlen,0.0,,black
49.27479,13.0686,Benzina,39.5,před 5 dny,#009900
49.08203,15.41979,Orlen ,0.0,,black
49.70744,18.04852,Benzina,0.0,,black
50.66584,14.06533,Orlen,39.5,před 9 dny,#999900
50.79765,14.40445,Orlen,38.9,před 3 dny,#009900
49.4622,18.12861,Benzina,38.9,Dnes,#009900
48.73504,16.85838,Benzina,39.5,před 8 dny,#999900
50.14937,15.49953,Orlen,0.0,,black
49.57821,13.3268,Orlen,0.0,,black
50.70916,15.31553,Orlen ,0.0,,black
50.03338,14.21623,Benzina,0.0,,black
48.76694,21.88675,Orlen,0.0,,black
50.1381,14.36647,ORLEN,39.9,Dnes,#009900
50.51987,13.60956,Benzina,0.0,,black
49.54867,15.95625,Orlen,39.5,před 7 dny,#999900
50.34286,15.90453,Orlen,38.5,před 5 dny,#009900
50.14315,15.89475,Orlen,39.9,Předevčírem,#009900
49.41564,15.22194,Orlen,0.0,,black
49.48362,17.12175,Benzina,39.9,před 3 dny,#009900
50.03102,14.38047,Orlen,0.0,,black
49.96594,16.40496,Orlen,39.5,Dnes,#009900
49.77555,18.09532,Benzina,0.0,,black
49.21815,17.84714,Benzina,0.0,,black
49.98137,16.39469,Orlen,0.0,,black
49.32494,13.68739,Orlen ,0.0,,black
49.18347,16.6717,Benzina,38.9,Včera,#009900
49.18481,16.40309,ORLEN,39.9,Včera,#009900
48.77763,16.89834,Benzina,39.5,před 8 dny,#999900
48.44294,17.0123,Benzina,0.0,,black
50.48109,14.08115,Orlen,0.0,,black
49.19849,14.21133,Benzina,39.5,před 7 dny,#999900
50.25029,14.32033,Benzina,39.9,Dnes,#009900
50.23525,14.06979,Orlen,40.5,Dnes,#009900
50.03433,15.75096,Orlen,38.7,Včera,#009900
49.61245,18.16116,MOL,0.0,,black
50.159,15.4464,Orlen,0.0,,black
50.67027,13.79417,Orlen,39.5,před 7 dny,#999900
50.51665,14.13638,Orlen,40.5,před 9 dny,#999900
49.2524,13.91307,Orlen,0.0,,black
49.8563,18.28845,Benzina,0.0,,black
50.06895,14.7308,Orlen ,0.0,,black
50.04009,14.51125,OMV,0.0,,black
50.24427,12.89923,Orlen,40.9,před 4 dny,#009900
50.04469,15.76766,Orlen ,39.9,Předevčírem,#009900
50.14363,13.49295,Orlen,0.0,,black
49.14104,14.1832,Benzina,0.0,,black
49.26974,16.27762,Benzina,0.0,,black
49.22322,16.53753,ORLEN,0.0,,black
50.33846,14.49377,Orlen ,38.9,před 9 dny,#999900
49.21896,16.57544,ORLEN,0.0,,black
49.97298,14.50247,Orlen,0.0,,black
50.57127,14.64469,ORLEN,0.0,,black
49.79779,18.23908,Benzina,0.0,,black
50.06333,14.84871,Orlen,0.0,,black
50.08881,16.45627,Orlen,39.5,před 6 dny,#009900
48.81303,16.62998,Benzina,0.0,,black
50.10816,14.63842,Benzina,42.9,před 7 dny,#999900
50.04061,15.21335,Orlen,0.0,,black
49.4548,17.11176,Benzina,39.9,před 5 dny,#009900
50.78776,14.80939,Orlen,0.0,,black
49.74097,18.62136,Benzina,39.3,Předevčírem,#009900
49.69876,13.4235,Orlen,0.0,,black
49.94289,16.16434,Orlen,0.0,,black
49.38469,13.29635,Orlen ,0.0,,black
50.08402,12.37239,Orlen,39.5,Dnes,#009900
49.40844,13.2936,Benzina,0.0,,black
50.077,14.33511,Benzina,41.9,Dnes,#009900
49.46582,18.16215,Benzina,38.9,Dnes,#009900
49.83087,18.18605,ORLEN,0.0,,black
50.02736,15.75479,ORLEN,0.0,,black
50.66112,14.0469,Orlen,0.0,,black
49.21056,17.51724,Benzina,0.0,,black
50.31668,12.94548,Orlen,37.9,před 4 dny,#009900
49.32766,16.55374,Orlen,0.0,,black
49.40275,14.69262,Orlen,0.0,,black
50.16495,16.27174,Orlen,39.5,Včera,#009900
50.38891,13.19508,Orlen,0.0,,black
50.08672,14.14174,ORLEN,37.9,Dnes,#009900
50.56495,15.92315,Benzina,0.0,,black
50.36011,13.82481,Orlen,0.0,,black
49.53841,15.36754,Orlen,39.5,před 6 dny,#009900
49.93503,17.91298,Orlen,39.5,před 7 dny,#999900
50.06411,14.50413,Benzina,41.9,Předevčírem,#009900
49.40862,13.29425,Orlen ,0.0,,black
49.1485,16.92191,Benzina,0.0,,black
49.13572,15.01902,Orlen,0.0,,black
50.07276,12.36112,Orlen,0.0,,black
49.39504,14.68768,Orlen,0.0,,black
50.00352,14.66017,Orlen ,0.0,,black
49.71515,16.48609,Orlen ,0.0,,black
49.35959,16.64243,Orlen,39.9,Včera,#009900
49.01461,15.11319,Orlen ,0.0,,black
49.06683,13.78198,Orlen ,0.0,,black
50.10904,14.54292,Benzina,0.0,,black
50.08165,16.76118,Orlen,39.5,před 9 dny,#999900
48.88969,17.29356,Benzina,0.0,,black
50.31647,12.75219,Orlen,0.0,,black
50.66269,14.07181,Orlen,39.5,Včera,#009900
50.8135,14.96276,Orlen,0.0,,black
49.80699,12.64347,Orlen,0.0,,black
49.29377,17.93573,ValaTrans,0.0,,black
49.05296,14.18937,BENZINA,37.9,před 3 dny,#009900
49.19112,16.87921,Benzina,39.9,Včera,#009900
49.92725,17.89879,Benzina,0.0,,black
49.78178,18.2534,Benzina,39.9,před 9 dny,#999900
49.99056,13.48838,Orlen ,0.0,,black
50.41064,14.24322,Orlen,0.0,,black
49.94737,15.25502,Orlen,40.5,před 7 dny,#999900
50.45986,13.40346,Orlen,0.0,,black
48.84662,16.05712,Orlen,0.0,,black
50.13309,14.97372,Orlen,0.0,,black
49.27058,16.2792,Benzina,0.0,,black
49.60736,18.02994,Benzina,41.5,Dnes,#009900
49.55417,15.94641,Orlen,38.9,Předevčírem,#009900
50.49888,13.44456,Orlen,0.0,,black
50.78506,14.24065,Orlen,39.5,Předevčírem,#009900
50.1226,12.36856,Orlen,39.5,Dnes,#009900
50.5195,14.04797,Orlen,0.0,,black
48.90629,16.78355,Benzina,44.9,před 8 dny,#999900
50.914,14.56644,Benzina,0.0,,black
49.7441,13.60892,Orlen,39.5,Dnes,#009900
49.01269,14.00478,Orlen,0.0,,black
49.90544,15.92274,Orlen,39.9,před 4 dny,#009900
49.52204,15.34761,Orlen ,0.0,,black
50.36195,15.62489,Orlen,0.0,,black
50.12281,14.51318,MOL,0.0,,black
50.19095,14.64666,Benzina,0.0,,black
50.76556,14.54172,ORLEN,0.0,,black
50.40426,14.44844,Orlen,0.0,,black
49.31219,16.48654,Benzina,0.0,,black
50.63031,13.84313,Orlen,39.9,před 3 dny,#009900
49.79026,18.41109,Benzina,0.0,,black
50.64822,13.81498,Orlen,39.5,před 7 dny,#999900
49.20963,16.14383,Orlen ,39.2,Dnes,#009900
49.79467,14.67919,Orlen,0.0,,black
50.13729,15.69857,Orlen ,0.0,,black
50.35657,14.48591,Benzina,0.0,,black
49.4196,12.71886,Benzina,0.0,,black
49.53373,14.6637,Orlen,0.0,,black
48.94267,16.98606,Benzina,0.0,,black
49.94659,17.88438,Benzina,0.0,,black
49.36302,17.95952,TAM,38.5,před 6 dny,#009900
50.24071,15.50067,Orlen,0.0,,black
48.82089,14.45881,Benzina,0.0,,black
49.75322,15.02243,Orlen,44.5,před 3 dny,#009900
50.45821,13.38824,Orlen ,0.0,,black
49.09356,17.74357,Benzina,0.0,,black
50.10573,14.0707,Benzina,0.0,,black
48.95177,14.466,Benzina,39.9,před 3 dny,#009900
49.26348,13.88958,Benzina,0.0,,black
49.0415,17.59215,Benzina,39.5,před 5 dny,#009900
50.58772,15.1479,RoBiN OIL,0.0,,black
49.38119,15.59218,Orlen,0.0,,black
49.05168,14.43064,Neznámá,0.0,,black
51.00263,14.46445,Orlen ,37.7,Včera,#009900
50.20066,14.54626,HERST,0.0,,black
49.61815,15.57435,Orlen,0.0,,black
49.75035,13.40399,Orlen,0.0,,black
50.00929,14.54245,Orlen,0.0,,black
50.20461,15.98765,II/299 Jindřich Fryš,0.0,,black
50.03312,14.42417,Orlen,0.0,,black
50.08279,14.4622,Orlen,41.9,před 9 dny,#999900
49.99262,14.84401,Orlen,0.0,,black
55.09761,14.7122,Neznáma,0.0,,black
49.58437,18.35955,Benzina,0.0,,black
49.13514,16.63241,Orlen,37.9,před 6 dny,#009900
48.86635,16.17801,Orlen,0.0,,black
49.47539,17.13107,Benzina,39.9,před 5 dny,#009900
50.51798,14.13743,Orlen,0.0,,black
49.02567,17.66042,ORLEN,38.8,Předevčírem,#009900
49.75493,13.31076,Orlen,39.5,před 5 dny,#009900
49.66781,18.34655,Benzina,39.9,před 6 dny,#009900
50.73381,15.18364,Orlen ,39.5,Předevčírem,#009900
49.58513,17.22674,Benzina,41.5,před 3 dny,#009900
50.75653,15.05181,Orlen,40.5,před 10 dny,#999999
48.77051,14.95801,Benzina,0.0,,black
50.0589,14.48946,Benzina,42.9,před 8 dny,#999900
50.57143,15.89473,Orlen,0.0,,black
50.10377,14.52725,Orlen,0.0,,black
49.16557,16.62979,ORLEN,0.0,,black
50.43268,14.92565,ORLEN ,40.9,před 5 dny,#009900
50.22011,17.19047,Orlen,0.0,,black
49.67654,13.32492,Orlen,0.0,,black
50.07687,14.30584,ORLEN,41.9,před 3 dny,#009900
49.18705,15.44843,Orlen ,39.5,před 3 dny,#009900
49.71228,14.09761,Orlen,0.0,,black
49.34201,16.41795,Benzina,39.5,před 5 dny,#009900
50.91388,14.95527,Orlen ,0.0,,black
49.05697,15.80393,Orlen ,39.5,před 5 dny,#009900
48.90684,15.9747,Orlen,40.5,před 3 dny,#009900
49.55862,16.07459,Orlen,0.0,,black
49.92662,14.26916,Orlen,39.9,před 4 dny,#009900
49.39128,15.54844,Orlen,0.0,,black
50.59494,13.60614,Orlen,38.9,před 4 dny,#009900
48.8425,16.90302,Benzina,0.0,,black
50.43429,15.36388,Orlen,39.9,před 3 dny,#009900
49.29722,14.16073,Benzina,0.0,,black
49.70317,12.98718,Orlen,0.0,,black
49.02555,17.6604,Benzina,0.0,,black
50.18499,12.69411,Orlen,39.9,před 4 dny,#009900
49.20486,16.4438,Benzina,0.0,,black
49.07437,17.42171,Benzina,38.5,Předevčírem,#009900
49.81344,18.33554,Benzina,39.9,Dnes,#009900
50.0971,14.47958,Benzina,0.0,,black
50.43381,15.40821,Orlen,0.0,,black
49.47912,17.81836,Benzina,39.5,před 5 dny,#009900
49.55684,17.72798,Orlen,39.9,před 9 dny,#999900
50.41532,16.16852,Orlen,37.9,Dnes,#009900
49.39257,13.02465,Benzina,0.0,,black
50.62013,15.59861,ORLEN,0.0,,black
50.09237,12.46357,Orlen,0.0,,black
50.14933,13.05206,Orlen,39.9,před 6 dny,#009900
50.57292,15.17314,ORLEN,0.0,,black
49.18795,16.62288,ORLEN,0.0,,black
49.70487,14.9009,Orlen,0.0,,black
49.43878,12.82923,Orlen ,0.0,,black
49.22068,17.7079,Benzina,39.9,před 5 dny,#009900
50.17721,15.04661,Orlen,38.5,před 3 dny,#009900
50.52376,13.23708,Orlen ,0.0,,black
50.91599,15.06165,Orlen,0.0,,black
49.27776,17.40135,Benzina,39.5,před 10 dny,#999999
50.10062,12.38537,Orlen,39.5,před 6 dny,#009900
49.49103,16.64984,Orlen,0.0,,black
49.6434,13.16744,Orlen,0.0,,black
50.40563,14.9313,Orlen,0.0,,black
49.75326,16.47694,Orlen,40.5,před 5 dny,#009900
50.09329,12.84062,Orlen,0.0,,black
50.71335,15.3161,Q3,0.0,,black
50.03361,14.21439,Benzina,0.0,,black
50.20048,15.83561,OMV,0.0,,black
49.82765,18.2818,Benzina,0.0,,black
49.34933,12.85452,Benzina ,0.0,,black
49.84548,18.55451,Benzina,0.0,,black
50.15849,16.67064,ORLEN,0.0,,black
50.77359,15.04623,Orlen,39.9,před 4 dny,#009900
49.75133,12.98554,Orlen,0.0,,black
50.03745,15.56459,Orlen,0.0,,black
50.59269,15.33108,ORLEN,0.0,,black
50.12193,16.21795,Orlen,39.5,před 5 dny,#009900
49.35915,15.99523,Benzina,0.0,,black
50.1138,17.39203,Orlen,0.0,,black
50.08778,17.69384,Benzina,0.0,,black
48.84237,16.90295,Petrol Station,0.0,,black
49.48199,13.58739,Benzina,0.0,,black
49.82974,18.38496,Benzina,0.0,,black
49.16057,17.50538,Benzina,0.0,,black
49.67844,13.33072,Orlen,0.0,,black
49.99863,14.48659,Orlen,0.0,,black
50.00851,15.773,Orlen,0.0,,black
49.95388,16.96118,Orlen,0.0,,black
50.4055,14.93238,Orlen,0.0,,black
49.74483,14.67241,Orlen,0.0,,black
49.69632,15.8033,Orlen,39.5,před 6 dny,#009900
49.72241,17.28579,Benzina,39.5,Včera,#009900
49.25423,13.55155,Orlen,0.0,,black
50.31369,13.53277,Orlen ,38.9,Včera,#009900
50.25375,14.52694,Orlen ,0.0,,black
50.0269,17.03727,Orlen,0.0,,black
49.27019,14.71498,Orlen,38.5,před 7 dny,#999900
49.13888,13.22812,Orlen ,0.0,,black
50.69895,14.54148,PRIM,39.9,Dnes,#009900
50.77523,14.2135,Orlen,39.5,před 4 dny,#009900
49.3162,14.13616,Benzina,39.5,před 8 dny,#999900
50.50355,13.67416,Orlen,0.0,,black
49.0764,17.48294,Benzina,39.5,Dnes,#009900
49.14772,18.02206,Benzina,0.0,,black
50.45872,17.02898,Orlen,0.0,,black
49.23636,17.66687,Benzina,0.0,,black
50.42669,15.81571,Orlen,0.0,,black
49.93723,15.79539,Orlen,0.0,,black
48.82505,14.33391,Benzina,0.0,,black
49.77612,16.93192,Benzina,0.0,,black
50.18887,16.00691,Orlen,38.5,před 4 dny,#009900
49.72318,13.35431,Benzina,0.0,,black
50.03073,14.2798,Orlen,37.9,Předevčírem,#009900
48.99625,14.49027,BENZINA,37.9,před 5 dny,#009900
49.05874,17.46599,Benzina,39.5,před 9 dny,#999900
50.24648,17.21388,Orlen ,0.0,,black
49.32519,17.55218,Benzina,38.9,Předevčírem,#009900
50.13873,15.69798,Orlen ,42.9,před 7 dny,#999900
49.44135,14.3586,Benzina,39.9,před 7 dny,#999900
50.01048,14.54302,Orlen ,0.0,,black
49.76464,18.27274,Benzina,0.0,,black
48.61922,14.32469,Orlen,0.0,,black
50.44256,15.33913,Orlen,39.9,před 4 dny,#009900
50.21766,15.87768,Orlen,0.0,,black
50.52452,13.63035,Orlen,41.9,před 4 dny,#009900
49.89892,14.32048,Orlen,0.0,,black
50.50436,13.67348,Orlen,0.0,,black
50.55721,13.60157,Orlen,0.0,,black
49.77532,18.09749,Benzina,0.0,,black
50.14362,16.08893,Orlen,39.5,před 9 dny,#999900
49.85877,18.26949,Benzina,0.0,,black
49.6684,13.99498,Orlen,0.0,,black
49.18993,16.63706,ORLEN,0.0,,black
50.51576,14.97229,Orlen,0.0,,black
49.32904,18.00139,Benzina,0.0,,black
48.98956,14.45919,Benzina,0.0,,black
49.60909,15.15303,OMV,0.0,,black
49.08891,15.88843,KM-PRONA,0.0,,black
50.03198,14.42491,EuroOil,0.0,,black
48.96563,18.17912,Avanti,0.0,,black
50.03734,18.70272,AUCHAN,0.0,,black
49.40313,15.57493,ICOM Transport,0.0,,black
49.40843,14.68842,COMETT PLUS,0.0,,black
50.82165,15.44009,Muller,0.0,,black
49.27866,17.68542,AVIA,33.9,před 9 dny,#999900
50.1403,14.06469,Cobalt,37.5,Včera,#009900
49.44676,17.46428,Mol,0.0,,black
49.18275,16.48417,Japo Autodoprava,0.0,,black
48.89495,18.00822,Slovnaft,0.0,,black
50.89817,14.9533,Watis,0.0,,black
48.84234,16.90287,Petrol Station,0.0,,black
49.14109,16.60365,AVIA,33.9,Dnes,#009900
50.54649,13.22733,F1,0.0,,black
49.40726,13.29797,AGROPODNIK DOMAŽLICE a.s.,0.0,,black
49.55458,15.94738,Zdar,0.0,,black
49.84931,15.99276,ROBIN OIL,0.0,,black
48.85394,16.10943,Unicorn,0.0,,black
49.84173,13.87634,Terminál oil,0.0,,black
49.31847,17.03851,Shell,0.0,,black
49.41872,12.87421,TANK ONO,33.9,před 3 dny,#009900
50.55032,15.9072,TANK ONO,33.9,Dnes,#009900
50.2007,14.54622,HERST,0.0,,black
50.7875,13.9775,VELTA Free Shop,0.0,,black
50.4523,13.42645,HERST,0.0,,black
48.91096,13.88116,RobinOil,0.0,,black
49.30126,17.38563,RoBiN OIL,0.0,,black
49.6952,14.00688,OMV,0.0,,black
49.82167,14.38582,WARMAN,0.0,,black
49.30931,20.67959,Slovnaft,0.0,,black
49.18439,16.70161,Eurobit,0.0,,black
50.06857,14.35301,RoBiN OIL,37.5,Dnes,#009900
49.93366,17.9168,Eurobit,0.0,,black
49.64368,12.52849,F1,0.0,,black
49.75152,12.99909,MOL,0.0,,black
50.08691,12.26537,MOL,0.0,,black
49.4389,17.45777,Eurobit,0.0,,black
50.43201,15.04192,TANK ONO,0.0,,black
50.04704,14.99605,KM-PRONA,0.0,,black
49.83497,18.24975,KM-PRONA,34.5,před 4 dny,#009900
48.08784,18.16534,Slovnaft,0.0,,black
50.6784,8.30138,Aral,0.0,,black
50.06143,14.47142,MOL,0.0,,black
50.61094,13.75067,EuroOil,0.0,,black
50.21547,12.17094,F1,40.2,před 7 dny,#999900
49.09558,16.71582,BENTEL,0.0,,black
49.02252,17.63775,TEMPEX,0.0,,black
49.18409,16.37162,Shell,0.0,,black
50.09064,14.49837,AUTO Jarov,36.9,Včera,#009900
50.72784,13.76608,Fill,0.0,,black
50.56496,15.92321,Benzina,0.0,,black
48.80555,16.62596,Shell,0.0,,black
50.96915,14.25172,STAR,0.0,,black
50.78645,13.9787,PHM Travel Free,0.0,,black
48.69833,21.23654,Slovnaft,0.0,,black
49.31558,14.1643,RoBiN OIL,0.0,,black
50.20874,16.23478,KM-PRONA,36.9,před 6 dny,#009900
49.10591,17.55784,Bílovice,37.9,Dnes,#009900
49.1724,13.89338,MK Oil,0.0,,black
48.21162,17.01434,Metro,0.0,,black
49.71225,15.66221,EuroOil,0.0,,black
50.16297,12.31832,TANK ONO,33.9,Dnes,#009900
50.43449,14.91322,Tank oil,38.8,před 7 dny,#999900
49.82433,13.78313,Protego s r.o. Koloc Oil,36.9,Dnes,#009900
50.36288,12.92767,Pas oil,0.0,,black
49.96463,12.69385,MOL,0.0,,black
49.62823,15.92697,GORIVO,0.0,,black
50.91824,14.60637,Koloc Oil - Protego s.r.o. ,35.9,Včera,#009900
49.19024,21.65778,Slovnaft,0.0,,black
49.9614,17.22876,DZ OIL,0.0,,black
50.74793,15.06982,KM-PRONA,36.5,před 10 dny,#999999
50.34283,15.90453,Orlen,0.0,,black
50.36224,13.81319,MWD,0.0,,black
50.73332,15.18795,Vendys Petrol,36.9,před 8 dny,#999900
50.01963,14.34762,ONE1,0.0,,black
49.95395,16.96118,Orlen,0.0,,black
49.86371,12.73494,LS Přimda - čerpací stanice ,0.0,,black
50.99143,14.33329,TixExpress,0.0,,black
50.3523,12.47117,F1,0.0,,black
49.24877,16.72938,SILMET,0.0,,black
50.76255,15.32021,MOL,0.0,,black
48.89386,18.06178,Lukoil,0.0,,black
50.08381,12.37031,Shell,0.0,,black
48.91108,13.88139,RoBiN OIL,0.0,,black
48.61679,14.25363,EuroOil,0.0,,black
50.3982,16.10605,TANK ONO,33.9,před 6 dny,#009900
50.00376,14.57057,MOL,0.0,,black
48.73113,21.29046,Lukoil,0.0,,black
49.96426,14.45392,CV Petrol,0.0,,black
48.9246,16.54733,Chemis,0.0,,black
49.02371,17.64021,Tempex,0.0,,black
48.89433,18.06438,Slovnaft,0.0,,black
49.39529,15.56842,TANK ONO,33.9,Dnes,#009900
50.45805,13.39596,MOL,0.0,,black
50.2272,12.74538,KM-PRONA,0.0,před 10 dny,#999999
49.72208,13.41215,EuroOil,0.0,,black
49.62127,16.5283,CarGas,35.5,před 3 dny,#009900
50.68188,14.56414,KM-PRONA,0.0,,black
50.98249,14.29785,PASOIL,36.5,před 7 dny,#999900
47.53274,12.43721,SHELL,0.0,,black
50.58686,15.87859,RoBiN OIL,36.9,před 5 dny,#009900
50.35033,12.47505,F1 (Top Tank),0.0,,black
48.7479,19.15728,SLOVNAFT,0.0,,black
50.03878,15.34618,Srkal,0.0,,black
49.63844,14.04917,SILMET,0.0,,black
49.63835,13.4775,Bexon,0.0,,black
48.7358,16.3832,LAD OiL - Čepro a.s.,0.0,,black
50.12018,14.50285,Shell,0.0,,black
50.01555,15.22077,MOL,0.0,,black
50.24124,12.87211,Shell,0.0,,black
50.11812,14.63641,KM-PRONA,0.0,,black
49.90984,14.70696,MARHO,0.0,,black
49.15049,16.86642,OMV,0.0,,black
49.44868,18.78076,OMV,0.0,,black
49.75785,13.61741,Shell,43.5,Dnes,#009900
50.10199,14.49877,RoBiN OIL,37.9,před 4 dny,#009900
48.71243,19.13288,LukOil,0.0,,black
50.40492,14.89354,KM-PRONA,0.0,,black
49.29276,13.98265,TANK ONO,33.9,Dnes,#009900
49.23211,14.42789,AN Novotný,0.0,,black
49.90515,18.30769,EuroOil,0.0,,black
49.03707,17.55661,Jan Hruboš,0.0,,black
49.01115,21.25846,Lukoil,0.0,,black
50.73648,15.24848,RoBiN OIL,36.5,Dnes,#009900
49.20744,16.66455,Eurobit,0.0,,black
50.35868,12.78951,F1 gas,0.0,,black
48.18827,17.18036,Slovnaft,0.0,,black
50.09097,18.25736,Auchan,0.0,,black
47.83689,13.39458,OMV,0.0,,black
50.04378,14.4403,MOL,0.0,,black
49.43868,15.21269,MOL,0.0,,black
50.46214,13.40717,MOL,0.0,,black
50.94929,14.58135,ARMEX OIL,0.0,,black
48.7065,21.2663,Slovnaft,0.0,,black
49.71415,13.18321,TANK ONO,33.9,Dnes,#009900
49.00355,17.64837,SubOil Hungas,0.0,,black
49.22999,17.52045,RoBiN OIL,0.0,,black
49.05697,15.80393,Orlen ,0.0,,black
49.36198,14.69985,TANK ONO,33.9,Dnes,#009900
48.79151,18.15527,REAL-K,0.0,,black
49.92032,16.62311,AVIA,38.9,před 5 dny,#009900
49.2683,13.91665,RoBiN OIL,0.0,,black
49.34721,12.85107,F1,0.0,,black
49.13892,13.22812,Orlen ,0.0,,black
49.19039,16.63226,MOL,0.0,,black
50.0793,14.30945,MOL,0.0,,black
50.99054,14.32321,Nord Papoil ,0.0,,black
50.09297,14.52729,PRIM,0.0,,black
48.42917,17.03636,SHELL,0.0,,black
50.07177,14.7732,TRILOBIT,0.0,,black
49.2259,17.69275,RoBiN OIL,37.2,před 5 dny,#009900
50.6931,15.74694,KM-PRONA,0.0,,black
49.85244,13.8674,MOL,0.0,,black
50.13137,15.08197,Shell,0.0,,black
48.81371,16.39615,MOL,0.0,,black
50.61132,13.73811,PASOIL,0.0,,black
50.42671,15.81569,Orlen,0.0,,black
48.9136,18.05507,Slovnaft,0.0,,black
43.10548,17.34819,INA,0.0,,black
50.32803,15.63625,TANK ONO,33.9,Dnes,#009900
48.94411,17.37101,ČSAD,0.0,,black
50.08608,12.4033, Schnell,38.9,Dnes,#009900
49.10053,18.92035,SLOVNAFT,0.0,,black
49.30785,14.09714,Auto Kápl,0.0,,black
50.10798,13.71415,PRIM,0.0,,black
48.11777,17.09751,Lukoil,0.0,,black
47.94914,14.89618,OSTATNI,0.0,,black
49.84457,18.30852,TOMEGAS,0.0,,black
50.50028,13.63008,RoBiN OIL,36.5,Včera,#009900
49.73661,13.33088,TANK ONO,33.9,Dnes,#009900
49.40959,14.68636,KM-PRONA,0.0,,black
50.4325,15.34268,EuroOil,36.9,Dnes,#009900
50.72857,13.76956,F1 Gas,0.0,,black
48.73657,13.81902,BP,0.0,,black
48.84148,17.21794,Slovnaft,0.0,,black
49.10297,18.43837,SHELL,0.0,,black
47.48397,12.53503,DISK,0.0,,black
50.13392,15.10419,ROBIN OIL,36.2,před 5 dny,#009900
48.90701,14.30552,PAP OIL,0.0,,black
49.35716,14.2902,TANK ONO,33.9,Dnes,#009900
50.66814,15.09535,KM-PRONA,0.0,,black
50.35179,13.72802,TANK ONO,0.0,,black
50.21881,15.89146,ARZE s.r.o.,0.0,,black
50.15868,15.23441,TANK ONO,33.9,Dnes,#009900
49.34128,12.85147,RoBiN OIL,0.0,,black
50.64592,13.82154,Shell,0.0,,black
49.72671,15.67158,MP SPOL,0.0,,black
49.60651,13.87389,MOL,0.0,,black
50.51384,16.01579,HDB,0.0,,black
49.18772,14.84547,KM-PRONA,0.0,,black
50.16686,12.66458,TANK ONO,33.9,Dnes,#009900
49.79489,14.2533,MARTIN OIL,36.9,Předevčírem,#009900
48.69811,21.23773,OMV,0.0,,black
49.64707,18.14386,PAP OIL,0.0,,black
49.84061,14.81327,MOL,0.0,,black
48.92913,16.35315,AVIA,33.9,před 8 dny,#999900
48.72016,21.27306,Slovnaft,0.0,,black
49.67884,12.60339,MOL,0.0,,black
49.93382,17.99019,EUROBIT,0.0,,black
50.62699,13.82776,MOL,0.0,,black
49.74403,13.58132,MOL,0.0,,black
49.14928,13.25622,F1 Gas ,0.0,,black
49.39216,13.2766,Shell,0.0,,black
49.21574,16.40908,D-1 Autopark,0.0,,black
49.62944,13.33034,TANK ONO,33.9,Dnes,#009900
47.59152,13.17612,ENI,0.0,,black
49.54037,15.34512,"ICOM Transport, a.s.",0.0,,black
49.42882,18.80583,OMV,0.0,,black
50.43159,16.19817,Orlen,0.0,,black
49.27767,16.57051,MOL,0.0,,black
49.8076,18.25003,Mol,0.0,,black
49.97034,14.53835,AVIA,0.0,,black
50.69983,15.43465,MOL,0.0,,black
50.08328,14.47806,MOL,37.9,před 9 dny,#999900
50.01968,14.34782,F1,0.0,,black
49.92585,15.45886,KM-PRONA,0.0,,black
49.0559,16.73489,Adosa,0.0,,black
49.08027,17.88677,Trako,0.0,,black
65.10769,-21.76353,A+S,0.0,,black
50.74028,15.2249,EURO CAR Vik,0.0,,black
49.60358,18.00684,LXM,0.0,,black
50.62961,13.49886,Benzina,0.0,,black
49.05839,13.78481,RoBiN OIL,0.0,,black
49.2969,16.21869,BÍTEŠSKÁ DOPRAVNÍ SPOLEČNOST,0.0,,black
50.17281,14.48415,Eurobit,0.0,,black
48.85763,17.13583,ČSAD Hodonín ,36.9,před 3 dny,#009900
50.14124,14.06343,OLYMP-OIL,0.0,,black
50.45006,13.59789,TANK ONO,33.9,Dnes,#009900
50.13665,13.18509,Medos,0.0,,black
49.94348,16.16431,EuroOil,36.5,před 5 dny,#009900
48.64682,14.45265,TANK ONO,33.9,Dnes,#009900
50.27818,12.92838,EuroOil,0.0,,black
50.14994,14.13299,RoBiN OIL,35.9,Včera,#009900
49.83436,18.98509,Auchan,0.0,,black
50.04688,12.35034,MOL,0.0,,black
50.04104,12.34087,F1,0.0,,black
50.03875,14.24342,Šafránka Rudná,36.0,Dnes,#009900
48.73395,21.27586,OMV,0.0,,black
50.69279,14.54193,Shell,0.0,,black
48.78033,18.62103,slovnaft,0.0,,black
49.58561,18.3592,AVANZ ,0.0,,black
49.32103,17.26193,EUROOIL,37.9,před 5 dny,#009900
49.85508,13.87194,MOL,0.0,,black
49.64738,17.98922,Orlen,0.0,,black
50.63452,13.8465,PETROL,0.0,,black
49.4414,14.35861,Benzina,0.0,,black
49.00723,17.13098,EuroOil,36.9,Včera,#009900
49.23273,16.62135,EuroOil,0.0,,black
50.31223,12.52134,MOL,0.0,,black
49.03051,20.60643,Slovnaft,0.0,,black
49.64889,12.53324,F1,0.0,,black
51.00073,14.57465,F1,0.0,,black
50.43368,16.20628,Circle K,0.0,,black
49.16056,17.50542,Benzina,0.0,,black
50.53055,15.74376,KM-PRONA,0.0,,black
50.03096,14.52865,KONT.cz,0.0,,black
48.8224,14.33561,GASPED,0.0,,black
50.78419,14.61647,TANK ONO,33.9,Dnes,#009900
49.6294,13.33038,TANK ONO,0.0,,black
49.14906,16.91611,Eurobit,0.0,,black
49.01039,16.68784,MOL,0.0,,black
50.51692,14.98652,KM-PRONA,0.0,,black
50.76023,15.09055,KM-PRONA,36.5,před 10 dny,#999999
50.00038,14.00282,AVIA,39.9,Dnes,#009900
50.31971,12.94677,Tank ONO,33.9,před 3 dny,#009900
50.69435,13.94052,TANK ONO,33.9,Dnes,#009900
50.85787,15.59724,Muller,0.0,,black
50.11031,14.57615,Mol,0.0,,black
50.16951,12.64821,RoBiN OIL,0.0,,black
49.0551,14.07366,Oilas,36.5,před 3 dny,#009900
49.28755,17.00748,Caroil,0.0,,black
49.74637,18.48997,EuroOil,0.0,,black
49.20798,16.89435,EuroOil,0.0,,black
49.94888,15.32607,TANK ONO,33.9,Dnes,#009900
50.00436,17.31502,DZ OIL,0.0,,black
49.41151,15.71946,Eurobit,0.0,,black
49.10284,16.60338,TANK ONO,33.9,Dnes,#009900
49.12496,18.90539,SLOVNAFT,0.0,,black
49.98414,14.3679,PR - Pavel Růžička,38.9,Předevčírem,#009900
49.23921,13.5207,Shell,0.0,,black
50.05113,14.41107,Shell,0.0,,black
46.20124,21.29237,MOL,0.0,,black
49.70738,13.22615,Avia Expres,34.0,před 3 dny,#009900
49.11931,13.84225,KM-PRONA,0.0,,black
49.77512,13.36045,TANK ONO,33.9,Dnes,#009900
49.9428,16.16433,Orlen,0.0,,black
49.46646,14.99297,MEDOS,0.0,,black
49.56081,17.26242,AMIGO,36.5,před 4 dny,#009900
49.68176,15.53546,SVAN OILs.r.o.,0.0,,black
49.09739,16.37108,Plus Oil,0.0,,black
49.864,18.38738,Progres,0.0,,black
49.52781,17.59143,MOL,0.0,,black
50.60995,13.43268,F1,0.0,,black
49.07551,17.89966,ČSAD,0.0,,black
50.13186,14.11204,MOL,0.0,,black
48.703,21.24507,Shell,0.0,,black
49.24323,16.66168,FORS CS,0.0,,black
50.31915,13.52959,KM-PRONA,0.0,,black
50.71291,13.96947,MOL,0.0,,black
49.37066,17.09148,ČS Brodek,0.0,,black
49.76648,13.37418,OMV,0.0,,black
50.03235,15.17826,MOL,0.0,,black
48.74118,21.25949,Slovnaft,0.0,,black
50.08311,14.23729,KM-PRONA,36.5,Dnes,#009900
50.20824,14.08839,Granta,0.0,,black
50.18864,12.75138,EuroOil,0.0,,black
50.31733,17.38903,LOTOS,0.0,,black
50.13244,14.86179,MOL,0.0,,black
49.10245,18.02595,Trako,0.0,,black
50.05147,14.56726,Tank ONO,33.9,Dnes,#009900
49.85269,18.28295,EuroOil,0.0,,black
48.98068,14.50126,EuroOil,36.5,před 6 dny,#009900
48.94155,17.48039,VENA-TRADE,0.0,,black
49.95868,16.97478,Orlen,0.0,,black
50.22703,14.72181,RoBiN OIL,37.5,před 5 dny,#009900
50.32192,15.86968,VENDYS & V,0.0,,black
50.71873,13.68686,HERST,0.0,,black
48.43127,17.03234,Slovnaft,0.0,,black
48.98319,12.1916,GLOBUS,0.0,,black
50.10554,13.75087,ROBIN OIL,0.0,,black
48.11145,18.88154,DaliOil,0.0,,black
49.70796,16.0233,EuroOil,0.0,,black
49.00448,14.45119,Globus,0.0,,black
50.04378,14.41135,MOL,0.0,,black
50.47758,14.9508,RoBiN OIL,36.7,Dnes,#009900
50.14342,14.11272,Mol,0.0,,black
50.22535,14.40245,RoBiN OIL,36.5,před 4 dny,#009900
50.15844,16.67065,ORLEN,0.0,,black
49.43919,12.82531,ČERCHOVKA,0.0,,black
48.90753,16.84365,Shell,0.0,,black
48.88452,13.70419,Travel Free,0.0,,black
48.6524,14.45247,TANK ONO,33.9,Dnes,#009900
50.05483,16.53439,Agro Žamberk a.s.,0.0,,black
49.4293,12.95988,Shell,0.0,,black
49.39582,16.64375,"Bary, s.r.o.",0.0,,black
48.99248,14.46969,MOL,0.0,,black
48.83614,21.30291,Slovnaft,0.0,,black
50.03742,14.48948,MOL,0.0,,black
50.0397,14.32826,Šafránka Praha,37.6,Dnes,#009900
49.4581,17.43684,Mol,0.0,,black
48.78946,12.89845,GLOBUS,0.0,,black
49.95601,15.79925,Shell,0.0,,black
49.17722,16.4979,D-Oil,0.0,,black
50.31665,12.94541,Orlen,0.0,,black
48.92214,16.55027,Chemis,0.0,,black
48.78036,18.62091,SLOVNAFT,0.0,,black
48.56874,19.06087,Neznáma,0.0,,black
49.70837,13.35727,F1 GAS,0.0,,black
50.1715,12.31458,RoBiN OIL,0.0,,black
49.58297,13.32739,ecco,35.9,Včera,#009900
50.32026,17.3873,Moya,0.0,,black
48.16453,17.15233,SLOVNAFT,0.0,,black
50.20082,14.51148,Zerogas Litava,0.0,,black
50.48485,13.43789,RoBiN OIL,0.0,,black
48.79658,16.96297,MERLIN plus,0.0,,black
50.32938,12.5055,K Oil křeček,0.0,,black
49.18762,16.58735,EuroOil,37.9,před 9 dny,#999900
48.76869,16.06967,Zaris,0.0,,black
49.37594,14.69403,MOL,0.0,,black
49.8595,18.2944,MOL,0.0,,black
50.99309,14.3281,Robin OIL,35.9,před 3 dny,#009900
49.70919,18.04195,Tank Ono,33.9,Dnes,#009900
49.58437,12.58051,ORI,0.0,,black
45.54015,13.72613,OMV,0.0,,black
50.03607,14.49267,MOL,0.0,,black
49.67063,14.63834,DAVO OiL s.r.o.,0.0,,black
50.81152,13.98245,F1 Gas,41.5,před 3 dny,#009900
50.11939,14.55555,RoBiN OIL,37.9,před 4 dny,#009900
50.54418,16.23122,KM-PRONA,0.0,,black
49.78623,13.72043,RoBiN OIL,36.9,Dnes,#009900
50.22091,12.19079,F1,0.0,,black
49.20371,17.56188,EuroBit,0.0,,black
49.08197,15.41981,Orlen ,0.0,,black
50.14353,13.49027,KM-PRONA,0.0,,black
50.08735,14.12117,RoBiN OIL,36.2,Dnes,#009900
49.74723,13.41944,AVIA,36.9,před 7 dny,#999900
50.50864,13.25286,Shell,0.0,,black
50.07455,15.98171,MOL,0.0,,black
50.2065,14.43602,MOL,39.9,před 5 dny,#009900
48.91252,13.76194,TANK ONO,33.9,Dnes,#009900
50.22807,14.49399,TANK ONO,33.9,Dnes,#009900
50.13318,14.45384,RoBiN OIL,37.9,před 4 dny,#009900
49.18343,16.6737,Tank ONO,33.9,Dnes,#009900
49.95992,16.97584,Shell,0.0,,black
49.40327,17.10617,ČS Kelčice,0.0,,black
48.941,20.57894,Slovnaft,0.0,,black
48.62711,18.36265,Shell,0.0,,black
49.79019,15.81296,Eurobit,0.0,,black
47.47972,12.53867,AGIP,0.0,,black
50.6836,14.01618,TANK ONO,33.9,Dnes,#009900
50.22327,15.48051,KM-PRONA,0.0,,black
50.40946,12.92827,OMV,0.0,,black
49.69272,18.12716,TANK ONO,33.9,Dnes,#009900
48.67777,21.26878,Slovnaft,0.0,,black
48.87607,18.02506,SLOVNAFT,0.0,,black
48.21698,17.16993,Slovnaft,0.0,,black
49.88847,15.06886,KM-PRONA,0.0,,black
50.90905,14.96707,Horex,0.0,,black
49.34478,12.85111,F1,0.0,,black
48.78569,18.62853,Slovnaft,0.0,,black
49.86267,12.73708,EuroOil,0.0,,black
50.07852,14.46969,Medos,39.9,před 7 dny,#999900
49.76468,18.63719,MOL,0.0,,black
49.79002,18.44128,Globus,0.0,,black
49.72874,13.32212,Makro,0.0,,black
50.16145,14.11178,RoBiN OIL,35.9,Dnes,#009900
49.32008,17.25949,EUROOIL,37.9,před 5 dny,#009900
50.05083,17.79255,soukromnik,0.0,,black
50.65435,14.02891,Prim,0.0,,black
49.33458,-0.41931,Intermarche,0.0,,black
48.73554,14.4833,RoBiN Oil,0.0,,black
49.90901,18.33711,TRANSEUROPE,38.0,před 3 dny,#009900
49.91063,14.58514,KM-PRONA,0.0,,black
48.82926,16.85843,KM - PRONA,36.9,před 6 dny,#009900
50.14008,14.34786,ŠINDELÁŘ,0.0,,black
50.58774,15.14789,RoBiN OIL,36.9,Dnes,#009900
50.07074,14.54123,Tank ONO,33.9,před 4 dny,#009900
49.71334,15.68081,Stanislava Adamová,0.0,,black
49.65952,12.53354,F1,0.0,,black
49.21522,17.76042,AVIA,33.9,Dnes,#009900
50.48967,13.6534,MOL,0.0,,black
50.42565,14.23923,TANK ONO,33.9,Dnes,#009900
50.43644,15.37025,M-SILNICE,0.0,,black
49.21258,17.80921,TANK ONO,0.0,,black
49.71639,17.0768,Shell,0.0,,black
48.82092,14.4588,Benzina,0.0,,black
49.74757,13.36491,Shell,0.0,,black
49.15421,15.0024,Neznámá,0.0,,black
49.48178,16.83936,VENA-TRADE,0.0,,black
50.38428,13.78714,Majority Petrol,0.0,,black
49.2124,17.74148,ALITRON,0.0,,black
48.83776,21.30277,Slovnaft,0.0,,black
49.02264,15.10621,LURA,0.0,,black
55.09752,14.71221,Neznáma,0.0,,black
48.98187,14.44151,RoBiN OIL,0.0,,black
49.7781,16.0329,AGROSERVIS,0.0,,black
49.01063,16.6869,MOL,0.0,,black
49.05003,17.46526,EuroOil,0.0,,black
50.21782,12.17656,F1 (Top Tank),0.0,,black
49.15462,16.59982,Tesco,0.0,,black
50.54553,13.7717,MOL,0.0,,black
48.21354,17.38251,Slovnaft,0.0,,black
50.76754,14.54063,MOL,0.0,,black
50.65168,13.83387,TANK ONO,33.9,Dnes,#009900
50.0707,14.54129,Tank ONO,33.9,Dnes,#009900
49.15318,14.98882,EuroOil,0.0,,black
50.0046,14.57415,PRIM,0.0,,black
49.34798,17.44691,Tank ONO ,33.9,Předevčírem,#009900
44.46209,15.60312,"INA Industija nafte, d.d.",0.0,,black
50.08618,12.45936,TANK ONO,33.9,Dnes,#009900
50.03532,15.20793,MOL,0.0,,black
50.78464,14.01838,TTB s.r.o.,0.0,,black
50.13071,15.91449,KM-PRONA,36.9,před 9 dny,#999900
50.71646,14.54495,Vendys Petrol,0.0,,black
49.54558,13.04609,MOL,0.0,,black
48.98418,22.16312,OMV,0.0,,black
49.13475,15.01245,TANK ONO,33.9,Dnes,#009900
49.18347,16.57964,MOL,0.0,,black
50.38716,13.54151,RoBiN OIL,0.0,,black
50.43393,16.20693,EUROBIT,0.0,,black
50.12823,14.50527,Orlen,0.0,,black
49.13473,17.4879,TANK ONO,33.9,Dnes,#009900
49.25725,13.91382,OMV,0.0,,black
49.83355,16.38872,ČS Janov,0.0,,black
50.87918,14.23795,EuroOil,0.0,,black
49.90289,14.15377,A+V Rauferovi,36.9,Předevčírem,#009900
49.90107,18.30657,EuroOil,0.0,,black
49.35046,16.02038,Zdar,0.0,,black
50.06852,14.84968,MOL,0.0,,black
50.32651,15.26378,RoBiN OIL,36.9,před 5 dny,#009900
50.11233,14.39465,RoBiN OIL,37.5,Dnes,#009900
49.27068,16.57586,D-Oil,37.9,Včera,#009900
50.76847,14.53673,KM-PRONA,0.0,,black
50.48175,13.62026,RoBiN OIL,0.0,,black
49.93264,14.18688,MOL,0.0,,black
47.26327,11.45321,Neznámá,0.0,,black
48.18293,17.03968,LUKOIL,0.0,,black
49.43676,15.21591,EuroOil,0.0,,black
50.49675,13.02975,F1,0.0,,black
50.72116,14.18883,Tank ONO,33.9,Dnes,#009900
49.19082,15.88954,HUNSGAS,0.0,,black
48.16471,17.1382,Slovnaft,0.0,,black
50.05719,14.51213,ROBIN OIL,37.9,před 4 dny,#009900
50.77017,14.19715,PRIM,0.0,,black
50.01652,14.40273,OMV,0.0,,black
50.42944,12.73588,F1,0.0,,black
45.16317,18.00548,Unknown,0.0,,black
49.56025,17.30946,AVIA,0.0,,black
50.06395,14.53785,KM-PRONA,0.0,,black
49.84671,19.0346,Tesco,0.0,,black
50.42373,13.47107,TANK ONO,0.0,,black
49.65087,14.05345,Euro Tank,0.0,,black
50.13796,14.24393,RoBiN OIL,37.9,Dnes,#009900
49.69891,14.90555,KM-PRONA,0.0,,black
48.34795,14.15386,OMV,0.0,,black
51.0334,14.44803,F1,0.0,,black
49.34372,14.04744,RoBiN OIL,0.0,,black
49.67193,18.42644,Eurobit,0.0,,black
50.04824,12.35403,Mavex,0.0,,black
49.00316,17.11422,Šebesta s.r.o.,34.9,před 7 dny,#999900
50.20209,14.68702,RoBiN OIL,37.2,před 4 dny,#009900
48.72618,21.293,Slovnaft,0.0,,black
49.69421,14.07794,EuroOil,0.0,,black
49.40842,13.29354,Benzina,0.0,,black
49.85504,18.53513,EuroOil,0.0,,black
49.04353,14.33468,Robin oil,36.2,před 7 dny,#999900
50.93089,14.55822,RoBiN OIL,35.9,Včera,#009900
49.52446,11.15074,OMV,0.0,,black
49.85906,18.62848,PTHU Bielaszka,0.0,,black
44.46224,15.60135,"INA industija nafte, d.d.",0.0,,black
50.71845,13.68635,fill,0.0,,black
50.87958,14.8241,ARAL,0.0,,black
50.02567,14.39462,RoBiN OIL,0.0,,black
49.31854,13.71376,RoBiN OIL,36.9,Včera,#009900
49.46356,17.44253,MOL,0.0,,black
50.12305,14.28271,GO tank s.r.o.,38.5,před 3 dny,#009900
48.42912,17.03815,Neznámá,0.0,,black
49.16821,16.68826,RoBiN OIL,0.0,,black
49.09404,18.94271,Slovnaft,0.0,,black
49.02346,17.66019,ČSAD,0.0,,black
49.39733,19.48741,Slovnaft,0.0,,black
50.10239,15.8846,Fuel,36.9,Předevčírem,#009900
49.20891,15.89905,ICOM Transport ,36.4,Dnes,#009900
50.5163,14.9635,Shell,0.0,,black
50.37649,15.53928,Shell,0.0,,black
50.33278,13.84038,RoBiN OIL,0.0,,black
50.30337,15.25396,RoBiN OIL,36.2,před 5 dny,#009900
49.00722,17.13084,EuroOil,0.0,,black
49.92416,16.18609,TANK ONO,33.9,Dnes,#009900
50.09346,12.3713,RoBiN OIL,36.5,Dnes,#009900
48.74135,19.17629,Slovnaft,0.0,,black
49.58942,17.29846,EuroOil,37.5,před 7 dny,#999900
50.71219,13.97077,MOL,0.0,,black
50.15087,15.79473,KM-PRONA,0.0,,black
48.01085,13.92423,Agip,0.0,,black
49.75589,13.30915,EuroOil,0.0,,black
